{"loss": 0.0, "egress_tput": {"1": [0.0, 0.11176, 0.29344, 0.188672, 0.209344, 0.25792, 0.219424, 0.0, 0.25288, 0.170544, 0.07632, 0.073856, 0.06496, 0.087024, 0.07096, 0.067264, 0.098704, 0.08672, 0.08008, 0.0724, 0.0752, 0.07936, 0.082752, 0.072368, 0.076672, 0.082992, 0.087136, 0.064064, 0.082704, 0.083472, 0.069792, 0.082352, 0.073664, 0.077664, 0.081696, 0.073968, 0.080736, 0.069088, 0.024848, 0.0, 0.117264, 0.07824, 0.090832, 0.08448, 0.083664, 0.070592, 0.076608, 0.07384, 0.082208, 0.092048, 0.072224, 0.06984, 0.078992, 0.091024, 0.066416, 0.070448, 0.075456, 0.079872, 0.07528, 0.083504, 0.079504, 0.030512]}, "ingress_t": {"1": [3.0, 3.5, 4.0, 4.5, 5.0, 5.5, 6.0, 6.5, 7.0, 7.5, 8.0, 8.5, 9.0, 9.5, 10.0, 10.5, 11.0, 11.5, 12.0, 12.5, 13.0, 13.5, 14.0, 14.5, 15.0, 15.5, 16.0, 16.5, 17.0, 17.5, 18.0, 18.5, 19.0, 19.5, 20.0, 20.5, 21.0, 21.5, 22.0, 22.5, 23.0, 23.5, 24.0, 24.5, 25.0, 25.5, 26.0, 26.5, 27.0, 27.5, 28.0, 28.5, 29.0, 29.5, 30.0, 30.5, 31.0, 31.5, 32.0, 32.5, 33.0]}, "delay": {"1": [74.62, 34.809, 13.789, 7.97, 66.606, 26.139, 15.714, 6.887, 1.827, 2.208, 33.977, 27.954, 28.593, 19.773, 25.747, 9.384, 43.718, 17.378, 14.447, 1.922, 22.091, 23.314, 9.005, 29.01, 46.559, 7.031, 3.39, 7.357, 13.947, 13.333, 50.795, 10.922, 38.653, 3.888, 45.829, 5.929, 13.055, 25.937, 6.003, 10.995, 2.051, 2.087, 16.022, 54.562, 14.487, 4.0, 17.529, 2.779, 8.003, 65.022, 25.196, 75.817, 36.556, 34.004, 12.827, 0.423, 4.658, 3.844, 2.217, 51.986, 11.751, 19.472, 70.994, 31.569, 8.614, 19.921, 35.114, 20.134, 34.336, 20.913, 23.093, 24.606, 63.91, 23.651, 49.871, 17.386, 34.184, 5.859, 780.526, 790.683, 750.641, 710.881, 670.572, 631.0, 392.811, 152.652, 4.021, 1.06, 25.637, 5.82, 1.729, 7.808, 16.981, 3.065, 1.874, 17.758, 68.53, 50.333, 35.98, 10.2, 2.435, 11.286, 22.31, 7.94, 7.853, 1.966, 4.034, 19.644, 16.089, 3.808, 13.889, 27.611, 18.437, 14.493, 34.908, 3.907, 11.796, 8.371, 4.93, 13.94, 8.527, 14.778, 46.205, 6.13, 24.85, 11.759, 49.133, 8.872, 4.732, 79.027, 39.186, 25.466, 11.169, 49.758, 9.055, 2.207, 138.306, 99.362, 59.46, 19.504, 45.908, 6.071, 49.958, 9.959, 61.096, 21.917, 13.713, 101.372, 62.253, 21.74, 3.116, 97.901, 57.255, 17.896, 5.702, 83.468, 43.796, 3.203, 116.041, 76.32, 36.025, 1.741, 100.166, 60.89, 20.498, 6.971, 92.018, 51.707, 12.276, 2.885, 88.324, 48.679, 8.696, 111.371, 71.477, 31.472, 3.228, 90.23, 50.848, 10.75, 4.92, 82.786, 42.592, 2.994, 2.787, 95.395, 55.015, 15.332, 92.115, 51.934, 11.903, 23.007, 163.54, 124.071, 83.856, 43.803, 4.246, 85.336, 45.885, 5.974, 2.16, 59.924, 19.691, 2.836, 94.899, 54.867, 14.419, 2.129, 44.926, 4.828, 7.03, 1.992, 25.94, 17.755, 9.877, 59.251, 19.093, 10.981, 16.179, 39.212, 2.55, 4.887, 13.224, 24.34, 23.998, 46.795, 6.83, 9.807, 11.881, 46.538, 6.885, 3.931, 8.767, 39.905, 2.916, 1.803, 64.052, 23.989, 33.06, 4.785, 39.94, 1.654, 8.797, 4.311, 14.056, 39.979, 9.666, 35.71, 1.994, 17.428, 5.767, 21.962, 30.996, 31.112, 48.48, 8.077, 19.482, 11.131, 28.812, 17.786, 18.304, 26.606, 34.788, 16.744, 5.049, 5.791, 15.898, 10.553, 26.976, 42.761, 2.175, 12.795, 2.169, 48.091, 7.932, 28.869, 3.345, 13.828, 37.902, 0.442, 18.141, 14.259, 2.695, 1.849, 7.097, 41.704, 2.02, 3.771, 57.694, 17.547, 2.882, 89.601, 49.928, 10.119, 3.87, 66.073, 26.083, 8.707, 98.443, 58.889, 18.84, 15.102, 105.3, 65.622, 25.431, 2.705, 97.713, 58.177, 18.311, 3.911, 76.398, 36.986, 21.446, 1.755, 58.174, 19.261, 18.391, 4.869, 33.607, 48.062, 8.236, 38.67, 4.125, 36.806, 0.367, 2.65, 55.98, 15.79, 24.015, 3.834, 37.039, 29.251, 5.597, 3.028, 4.716, 17.189, 1.888, 45.824, 6.003, 113.681, 74.576, 34.038, 8.85, 11.851, 15.193, 1.846, 11.705, 0.502, 43.411, 3.625, 2.455, 1.691, 61.597, 21.937, 2.7, 3.395, 28.934, 1.895, 3.89, 4.741, 2.391, 146.04, 105.751, 66.732, 26.595, 1.656, 15.671, 8.033, 123.623, 83.956, 43.959, 3.492, 3.129, 86.67, 46.716, 7.057, 0.367, 40.396, 31.727, 9.18, 21.486, 100.25, 60.783, 21.823, 15.44, 57.442, 18.187, 3.815, 16.116, 1.671, 44.739, 5.2, 7.333, 65.295, 25.782, 23.025, 4.206, 4.333, 39.943, 5.968, 8.664, 5.352, 37.43, 18.93, 33.558, 4.646, 15.291, 51.434, 11.777, 30.356, 34.166, 11.593, 17.775, 5.598, 10.427, 22.842, 36.248, 7.159, 22.99, 24.236, 31.881, 4.318, 7.581, 11.178, 9.619, 2.163, 27.596, 0.723, 6.141, 2.839, 21.926, 112.862, 73.232, 33.143, 52.307, 12.818, 18.945, 1.945, 77.288, 37.502, 4.052, 5.038, 48.429, 8.286, 2.874, 5.154, 56.132, 16.048, 9.385, 108.591, 70.165, 30.021, 3.816, 2.018, 44.552, 5.862, 4.025, 4.934, 20.014, 5.124, 150.908, 111.178, 71.321, 31.218, 3.447, 62.011, 22.138, 23.641, 5.178, 1037.039, 997.258, 957.093, 1106.757, 1066.476, 1026.889, 986.745, 946.87, 906.262, 666.678, 428.112, 188.269, 5.698, 5.843, 3.685, 67.728, 45.736, 5.273, 2.029, 13.98, 4.339, 5.864, 3.421, 2.576, 2.545, 17.111, 15.951, 4.875, 2.1, 4.912, 3.793, 16.568, 1.944, 4.005, 135.253, 96.444, 56.131, 3.073, 2.234, 44.063, 4.14, 6.345, 2.204, 1.934, 76.443, 21.232, 3.133, 12.105, 2.165, 18.208, 5.18, 3.091, 3.424, 2.771, 9.954, 5.192, 22.117, 21.944, 13.844, 77.132, 37.131, 2.977, 88.197, 48.319, 8.263, 28.609, 27.647, 26.966, 17.732, 4.815, 13.746, 5.02, 1.773, 2.132, 19.333, 4.142, 2.271, 42.417, 4.68, 8.173, 4.85, 33.326, 40.897, 4.194, 22.892, 40.768, 3.885, 31.754, 68.694, 28.341, 3.896, 31.202, 31.115, 2.839, 1.942, 22.934, 25.638, 24.585, 10.664, 6.643, 5.17, 10.537, 2.937, 2.825, 26.767, 7.231, 40.477, 3.322, 39.651, 29.895, 18.32, 20.299, 59.695, 20.145, 52.833, 12.788, 2.876, 7.235, 41.111, 64.207, 24.447, 19.232, 7.538, 24.125, 34.09, 49.742, 10.519, 21.974, 44.598, 4.874, 26.158, 1.011, 49.677, 10.206, 16.782, 2.217, 4.122, 27.161, 15.602, 25.158, 2.781, 13.156, 13.244, 18.689, 1.724, 26.202, 9.923, 1.664, 12.849, 20.063, 5.87, 44.94, 5.191, 4.145, 5.19, 33.862, 33.824, 2.155, 15.202, 44.147, 4.064, 18.288, 97.534, 58.107, 18.224, 5.961, 6.3, 4.027, 64.506, 24.246, 7.14, 14.141, 5.825, 61.733, 21.789, 20.125, 4.025, 10.905, 4.738, 1.714, 13.098, 1.941, 27.827, 2.921, 3.857, 70.652, 31.895, 1.566, 7.17, 29.9, 31.81, 16.514, 2.994, 21.166, 45.679, 6.208, 11.334, 10.944, 3.132, 19.894, 26.107, 2.657, 57.888, 17.229, 29.464, 2.231, 19.914, 14.601, 22.181, 5.391, 21.621, 35.942, 3.924, 39.947, 1.906, 69.781, 30.153, 2.599, 25.317, 111.174, 70.824, 31.993, 1.667, 1.843, 122.941, 83.039, 42.671, 3.278, 3.942, 3.089, 49.229, 9.536, 21.009, 8.243, 197.735, 158.126, 118.069, 78.185, 40.582, 4.017, 6.351, 13.988, 14.966, 31.048, 5.453, 53.515, 14.043, 1.795, 3.332, 1.833, 7.316, 5.824, 4.012, 3.659, 3.772, 4.95, 32.554, 2.223, 5.33, 6.839, 2.121, 4.434, 4.384, 3.931, 3.093, 4.387, 2.285, 5.814, 2.648, 19.169, 2.181, 7.657, 3.591, 3.639]},