{"loss": 0.0, "egress_tput": {"1": [0.0, 0.132336, 0.260912, 0.204304, 0.229584, 0.23296, 0.200512, 0.236112, 0.21824, 0.24656, 0.19432, 0.221952, 0.193328, 0.222608, 0.199152, 0.220256, 0.220192, 0.27168, 0.200064, 0.215328, 0.20336, 0.218, 0.211056, 0.21232, 0.21448, 0.253376, 0.204128, 0.211952, 0.206176, 0.211616, 0.212416, 0.22416, 0.203488, 0.21224, 0.207872, 0.03256, 0.0, 0.015696, 0.0, 0.033552, 0.0, 0.016208, 0.0, 0.034816, 0.0, 0.018208, 0.0, 0.018576, 0.0, 0.03544, 0.0, 0.024464, 0.0, 0.020704, 0.0, 0.155312, 0.020672, 0.030928, 0.01872, 0.025008, 0.026016, 0.012208]}, "ingress_t": {"1": [3.0, 3.5, 4.0, 4.5, 5.0, 5.5, 6.0, 6.5, 7.0, 7.5, 8.0, 8.5, 9.0, 9.5, 10.0, 10.5, 11.0, 11.5, 12.0, 12.5, 13.0, 13.5, 14.0, 14.5, 15.0, 15.5, 16.0, 16.5, 17.0, 17.5, 18.0, 18.5, 19.0, 19.5, 20.0, 20.5, 21.0, 21.5, 22.0, 22.5, 23.0, 23.5, 24.0, 24.5, 25.0, 25.5, 26.0, 26.5, 27.0, 27.5, 28.0, 28.5, 29.0, 29.5, 30.0, 30.5, 31.0, 31.5, 32.0, 32.5, 33.0]}, "delay": {"1": [2.833, 2.091, 3.597, 3.092, 0.435, 6.244, 4.107, 1.839, 15.721, 2.034, 9.892, 1.544, 5.779, 9.054, 1.541, 1.666, 2.627, 1.564, 1.942, 1.594, 2.099, 2.688, 2.245, 2.057, 2.859, 1.934, 0.496, 2.111, 3.9, 2.922, 2.72, 2.896, 4.161, 0.761, 5.876, 7.878, 0.461, 12.665, 5.689, 0.378, 61.505, 24.42, 4.839, 0.708, 5.874, 3.72, 22.361, 1.766, 7.248, 2.11, 3.948, 47.122, 9.544, 163.181, 123.074, 84.879, 3.114, 3.077, 3.052, 3.342, 2.086, 1.888, 1.788, 2.249, 26.37, 3.561, 2.431, 9.148, 13.931, 11.903, 1.843, 1.733, 2.786, 1.903, 1.673, 1.854, 1.734, 5.087, 3.893, 2.119, 3.769, 1.591, 2.128, 5.473, 13.979, 2.975, 2.39, 1.726, 2.851, 9.7, 14.3, 3.163, 2.143, 2.836, 1.525, 1.934, 1.754, 2.305, 8.257, 2.261, 3.921, 1.69, 2.368, 5.571, 2.481, 3.581, 12.106, 4.149, 10.066, 10.744, 10.374, 1.75, 1.938, 3.874, 5.63, 6.139, 3.0, 11.741, 2.905, 2.772, 3.816, 0.525, 19.834, 2.262, 10.139, 1.998, 1.727, 6.057, 9.283, 13.933, 4.306, 2.548, 2.43, 1.811, 1.941, 0.58, 4.516, 4.716, 1.751, 6.314, 4.349, 0.93, 2.198, 9.414, 2.212, 3.137, 3.887, 13.106, 2.124, 2.082, 2.661, 2.062, 13.718, 1.659, 12.29, 1.538, 2.844, 1.737, 2.862, 13.793, 4.168, 1.864, 11.28, 1.856, 1.662, 3.761, 10.408, 3.785, 1.8, 15.096, 1.642, 2.979, 8.796, 8.78, 1.683, 2.09, 1.621, 3.143, 2.969, 3.806, 1.788, 3.853, 4.052, 2.05, 3.1, 2.023, 5.748, 12.854, 0.67, 2.011, 9.949, 1.75, 2.187, 2.424, 2.205, 2.217, 2.777, 10.241, 2.143, 3.863, 8.672, 2.48, 2.301, 1.955, 2.385, 1.882, 2.024, 10.022, 2.004, 3.392, 11.37, 2.439, 1.683, 2.376, 1.959, 16.114, 4.707, 1.064, 0.735, 1.603, 4.692, 10.206, 1.645, 1.964, 1.878, 4.136, 1.926, 2.029, 11.94, 0.439, 3.655, 3.949, 2.013, 4.178, 2.61, 2.64, 1.928, 2.681, 2.203, 1.976, 3.55, 3.678, 5.906, 3.765, 2.62, 5.504, 1.81, 4.446, 1.867, 2.688, 0.373, 0.89, 6.844, 1.98, 1.909, 4.097, 2.038, 2.639, 3.921, 1.988, 12.06, 2.034, 1.839, 12.348, 2.722, 1.734, 11.658, 4.07, 1.889, 1.722, 2.126, 2.112, 1.832, 8.188, 3.346, 3.938, 6.254, 17.769, 3.757, 3.426, 4.66, 12.573, 3.925, 1.659, 1.739, 8.228, 2.006, 1.921, 1.637, 3.616, 4.042, 2.728, 14.899, 1.925, 5.205, 1.808, 2.119, 4.042, 3.368, 2.329, 2.031, 1.808, 2.909, 4.836, 3.198, 1.635, 2.544, 2.095, 2.046, 1.599, 2.328, 2.269, 3.189, 2.021, 1.595, 2.186, 0.81, 1.685, 2.635, 2.351, 3.628, 1.804, 1.988, 16.866, 4.005, 1.84, 1.677, 1.732, 1.993, 2.055, 8.711, 1.64, 3.343, 14.212, 2.833, 1.887, 1.633, 10.077, 0.422, 1.97, 4.142, 9.621, 1.612, 2.696, 6.783, 2.851, 3.733, 2.416, 11.719, 14.854, 2.006, 5.111, 1.829, 1.553, 1.611, 2.336, 1.892, 2.132, 0.537, 12.228, 3.34, 2.176, 1.964, 1.993, 3.282, 2.861, 4.206, 1.746, 10.915, 2.484, 1.789, 3.139, 6.0, 10.306, 1.999, 1.708, 3.396, 3.115, 1.9, 4.438, 2.429, 4.023, 2.364, 7.108, 2.637, 2.093, 9.967, 6.236, 3.041, 1.661, 3.773, 1.837, 5.924, 7.046, 4.081, 2.732, 16.293, 1.584, 1.924, 2.624, 1.687, 3.455, 2.925, 1.992, 3.928, 0.436, 2.996, 12.816, 3.71, 4.09, 8.025, 3.916, 1.986, 14.854, 3.373, 3.772, 1.625, 2.522, 1.592, 0.613, 2.54, 16.178, 2.091, 2.766, 1.632, 2.104, 5.336, 1.762, 2.105, 3.516, 1.663, 1.639, 2.192, 380.311, 1322.473, 2282.803, 2242.775, 3202.308, 4152.866, 4113.235, 5084.651, 5844.644, 6594.042, 6315.158, 6075.203, 5835.039, 5594.896, 6364.083, 6124.625, 5884.226, 5644.628, 5404.711, 6154.231, 5914.347, 5674.437, 5434.229, 5914.606, 5674.8, 5434.797, 5195.211, 4954.974, 4720.811, 4481.087, 4241.533, 4001.469, 3765.908, 3526.044, 3286.023, 3046.128, 2824.344, 2584.75, 2344.573, 2104.524, 1864.321, 1625.43, 1385.536, 1145.371, 906.05, 665.8, 425.933, 185.908, 3.536, 6.034, 1.842, 1.887, 37.988, 7.932, 1.858, 1.864, 51.906, 2.591, 2.049, 6.674, 5.388, 3.745, 2.615, 3.866, 11.85, 10.068, 3.868, 4.809, 1.55, 1.721, 4.779, 3.407, 1.799, 3.926, 3.197]},